{
  "page_load_performance": {
    "average": 0.01903843879699707,
    "min": 0.01785135269165039,
    "max": 0.02073812484741211
  },
  "memory_usage": {
    "initial_mb": 26.30859375,
    "final_mb": 32.64453125,
    "used_mb": 6.3359375
  }
}