{
  "page_load_performance": {
    "average": 0.017859935760498047,
    "min": 0.003992557525634766,
    "max": 0.03248786926269531
  },
  "memory_usage": {
    "initial_mb": 25.94921875,
    "final_mb": 32.19921875,
    "used_mb": 6.25
  }
}