{
  "page_load_performance": {
    "average": 0.014458656311035156,
    "min": 0.004007816314697266,
    "max": 0.021544933319091797
  },
  "memory_usage": {
    "initial_mb": 26.09765625,
    "final_mb": 32.171875,
    "used_mb": 6.07421875
  }
}